subject,condition,epi_b,epi_24,epi_48,epi_72,epi_MR,epi_96,norepi_b,norepi_24,norepi_48,norepi_72,norepi_MR,norepi_96,cort_b,cort_24,cort_48,cort_72,cort_MR,cort_96,ins_b,ins_24,ins_48,ins_72,ins_MR,ins_96,cpeptide_b,cpeptide_24,cpeptide_48,cpeptide_72,cpeptide_MR,cpeptide_96,igf1_b,igf1_24,igf1_48,igf1_72,igf1_MR,igf1_96,avg_glc_postMR
s001,hypo,nan,,,,#DIV/0!,nan,nan,,,,#DIV/0!,nan,10.2,9.5,9.9,10.5,10.2,nan,4.6,147,134.2,132.6,133.4,109.6,1.4,0.9,0.5,0.3,0.4,nan,164,159,158,167,162.5,155,
s001,eunat,nan,,,,#DIV/0!,nan,nan,,,,#DIV/0!,nan,nan,,,,#DIV/0!,nan,nan,,,,#DIV/0!,nan,nan,,,,#DIV/0!,nan,nan,,,,#DIV/0!,nan,
s001,euart,98,50.3,nan,54.5,54.5,nan,275.4,171.1,,117,117,nan,11.6,10.4,,9.7,9.7,nan,2.8,107.8,,141.3,141.3,nan,1.4,nan ,,,#DIV/0!,nan,nan,,,,#DIV/0!,nan,
s002,hypo,15,23.2,264.7,60.1,162.4,nan,323.2,203.7,465.3,234.3,349.8,nan,14,13.1,13.2,14.1,13.65,nan,2.5,87.3,94.2,133.8,114,nan,0.7,0.6,0.3,0.4,0.35,nan,187,182,185,176,180.5,nan,
s002,eunat,15,15,60.1,62.8,61.45,nan,232.8,172.5,212.6,512.4,362.5,nan,13.3,13.2,12.9,14.3,13.6,nan,4.7,2.4,1.9,2.3,2.1,nan,1.1,0.9,0.9,0.9,0.9,nan,170,159,160,170,165,nan,
s002,euart,54.1,42.2,52.6,84.3,68.45,nan,343.8,202.6,229.9,165.5,197.7,nan,13,13.6,14.8,13.4,14.1,nan,3.4,51,120.3,149.1,134.7,nan,1.2,nan ,nan,2.4,2.4,nan,221,191,192,188,190,nan,
s003,hypo,54.7,93.6,185.2,nan,185.2,nan,123.3,251.5,241.9,nan,241.9,nan,19.8,20.5,20.4,,20.4,nan,1.7,40.2,108,nan,108,nan,1,nan ,0.5,nan,0.5,nan,184,188,198,nan,198,nan,
s003,eunat,87.7,15,73.6,nan,73.6,nan,284.2,230.6,206.4,nan,206.4,nan,17.4,14.5,15.1,,15.1,nan,3.4,2.5,2.1,nan,2.1,nan,1.4,1.3,1.2,nan,1.2,nan,190,185,185,nan,185,nan,
s003,euart,nan,34.2,88.1,15,51.55,nan,nan,136.8,223.2,223.4,223.3,nan,21.3,18,15.7,12.8,14.25,nan,4.6,101.1,120.2,152.5,136.35,nan,1.3,nan ,nan,2.2,2.2,nan,159,168,170,174,172,nan,
s005,hypo,15,72.3,89.7,87,88.35,nan,140,162,285.7,183.6,234.65,nan,16.5,12.5,11.2,8.8,10,nan,1.8,93.4,108.1,139.6,123.85,nan,1.1,1.2,0.6,0.8,0.7,nan,210,204,204,198,201,nan,
s005,eunat,19.4,96,nan,15,15,nan,288.7,213.7,nan,188.5,188.5,nan,13.6,15.3,,9.7,9.7,nan,3.4,4,nan,4.3,4.3,nan,1,1.2,nan,1.1,1.1,nan,283,251,nan,251,251,nan,
s005,euart,52.3,nan,15,15,15,15,300.6,nan,275.7,279.5,277.6,319.5,19.4,,17.4,17.4,17.4,15.1,2.4,nan,126.8,128.7,127.75,66.9,0.7,nan ,0.7,0.7,0.7,0.5,214,nan,211,207,209,207,
s007,hypo,137.6,37.7,142,60.7,101.35,62.8,460,137.7,223.9,436,329.95,450.1,11.6,7.8,8.5,13.1,10.8,11.6,3.9,95.5,145.8,80.3,113.05,62.1,0.9,nan ,nan,nan,#DIV/0!,4.5,313,287,284,286,285,278,136
s007,eunat,17.2,29.1,15,15,15,15,245.8,141.6,174.2,351.8,263,496.9,10.5,7.5,7.1,8.8,7.95,8,6.4,5.1,3.9,4.4,4.15,27.9,1.4,nan ,1.2,1.1,1.15,nan,248,232,233,233,233,245,120
s007,euart,27.1,41.6,18.8,37.9,28.35,15,258,198.6,202.5,154.8,178.65,595.4,10.9,8.8,8,6.8,7.4,9.1,3.8,60.6,103.8,138.8,121.3,39.6,1.1,0.9,0.7,1.7,1.2,2.2,254,245,243,244,243.5,257,109
s008,hypo,39.4,15,15,161.8,88.4,56.4,246.7,325.2,328,289,308.5,669.6,10.1,13.9,11.6,14.8,13.2,20.1,6.2,163,152,236.3,194.15,59.2,1.2,1.2,0.5,0.2,0.35,2.9,200,203,169,199,184,207,195
s008,eunat,24,nan,nan,15,15,nan,281.1,nan,nan,195.1,195.1,nan,9.4,,,9,9,,4.5,nan,nan,3.9,3.9,nan,1,nan ,nan,1,1,nan,169,nan,nan,162,162,nan,89
s008,euart,15,52.3,15,15,15,54,284.4,273.3,246,486.9,366.45,912.2,4,7.7,8.7,8.8,8.75,,178.9,159.7,113.8,32.6,73.2,nan,1.4,0.9,1.4,1.5,1.45,nan,191,193,192,204,198,nan,138
s009,hypo,15,nan,15,15,15,15,134.6,nan,158.1,128.1,143.1,146.7,10.8,,8.1,8.4,8.25,6.9,4.6,nan,100,110.2,105.1,110,1.2,nan ,nan,0.5,0.5,0.5,186,nan,187,188,187.5,182,85
s009,eunat,61.5,15,15,15,15,nan,222.7,157.7,169.5,158.7,164.1,nan,15.2,11.7,10.3,8.4,9.35,,6.2,3.3,"0,2",3.1,3.1,nan,1.3,1.1,1,1,1,nan,201,194,215,191,203,nan,92
s009,euart,15,nan,29.1,15,22.05,31,93.2,nan,129,125.3,127.15,106.8,10.1,,9.6,9.6,9.6,8,6.3,nan,115.9,137.2,126.55,112.9,1.6,nan ,nan,2.2,2.2,nan,228,nan,216,210,213,223,
s010,hypo,20.2,15,34.9,179.3,107.1,36.6,199.3,112.3,185.9,223.1,204.5,597.7,12.7,8.3,12,15.6,13.8,14.1,4.6,121.1,102.9,125.7,114.3,5.1,1.2,nan ,0.6,nan,0.6,nan,166,157,167,170,168.5,176,127
s010,eunat,37.9,19.8,62.7,23.7,43.2,59.6,204.1,125.4,104.8,176.3,140.55,365.3,12.2,8.9,9.3,8.8,9.05,13.5,7,5.2,3.4,4.9,4.15,11.8,1.5,1.4,1.2,1.4,1.3,1.7,220,207,207,207,207,221,95
s010,euart,20.6,nan,15,31.7,23.35,64.5,213.6,nan,147.9,189.2,168.55,119.2,9.5,nan,8.5,11.3,9.9,11.6,5.1,nan,79.4,89.4,84.4,122.9,1.3,nan ,1.5,0.9,1.2,0.7,205,nan,202,209,205.5,197,163
s011,hypo,75.2,63.6,86.5,15,50.75,15,486.3,154.9,449.4,188.6,319,360.2,20.2,17.6,17.4,13.7,15.55,12.3,1.9,79,101.9,91.8,96.85,18.2,0.8,nan,0.7,nan,0.7,nan,251,243,242,236,239,244,113
s011,eunat,21,15,61.4,15,38.2,15,97.1,59,435.9,108.8,272.35,79.2,19.3,20.7,18.6,16.6,17.6,17.2,2.1,1.8,1.8,2.9,2.35,6,0.7,nan ,0.6,nan,0.6,0.9,241,247,254,240,247,262,84
s011,euart,15,60.2,15,19.7,17.35,28.4,234.9,209.1,209.3,258.8,234.05,345.7,18.6,20.5,19.5,16,17.75,15,3.4,104.8,131,72.8,101.9,21.6,1,nan ,1.9,nan,1.9,nan,244,244,235,236,235.5,243,100
s013,hypo,99.2,15,15,15,15,15,136.4,130.1,201,127.5,164.25,538.6,13.6,12.5,13.1,11.6,12.35,12.7,3.5,73.5,123.9,152.7,138.3,60.9,1.2,1,1,0.9,0.95,4.4,306,291,286,281,283.5,284,136
s013,eunat,15,24,15,15,15,15,207.9,118.9,161.8,118.2,140,636.9,15.5,13.4,12,11.3,11.65,12.8,3.8,3.9,3.3,3.9,3.6,nan,1.2,nan ,1.1,nan,1.1,nan,225,210,217,217,217,nan,85
s013,euart,92.7,21.8,31,56.1,43.55,15,174.1,206.8,222.1,229.3,225.7,598,13.9,12.9,11.6,9.6,10.6,10.3,3.7,85.2,129.6,105.5,117.55,56.3,1.1,nan ,2.1,2.3,2.2,5.2,252,249,243,244,243.5,238,121
s014,hypo,60,44.8,15,66.4,40.7,16.8,236.8,179.8,247.3,273.6,260.45,255.4,13.3,10.9,12,13,12.5,10.9,2.7,110.9,137.8,149.7,143.75,39.3,0.9,nan ,0.7,nan,0.7,2.7,292,307,274,310,292,295,125
s014,eunat,47.4,30.1,15,15,15,15,268.3,121.3,173.7,123.2,148.45,345.1,15.4,16,14.4,13.4,13.9,11.3,4.4,4.6,4.9,4.3,4.6,9.4,1.2,nan ,1.1,nan,1.1,1.5,256,290,288,298,293,301,98
s014,euart,31.9,22.1,66.6,39.2,52.9,38.4,198.7,169.5,225.1,281.1,253.1,510.9,14.9,14.4,11.8,11.5,11.65,10.8,4.8,130.4,168.2,127.2,147.7,100.4,1.2,nan ,1.9,nan,1.9,5.2,319,311,294,303,298.5,307,105
s015,eunat,15,15,15,48,31.5,39.2,315.9,248,299.7,210.1,254.9,602,12.5,10.2,13.4,15,14.2,12.3,,,,,#DIV/0!,,,,,,#DIV/0!,,,,,,#DIV/0!,,86
s016,hypo,15,15,15,122.4,68.7,138.7,143.1,213.1,275.2,180.7,227.95,475.9,15.5,12.5,12.5,14.7,13.6,15,3.6,113.7,134.5,153.2,143.85,32.7,1.1,1,1.1,1.1,1.1,1.8,211,203,208,204,206,203,86
s016,eunat,126.4,64.7,15,15,15,15,216,195.7,227.9,174.7,201.3,445.9,14.7,11.3,9.6,10.6,10.1,11,3.4,1.8,1.8,2.4,2.1,3.2,1,0.9,0.9,0.9,0.9,0.9,189,186,188,185,186.5,193,105
s016,euart,44.7,15,15,15,15,70.3,106.9,103.9,102.3,131,116.65,193.4,15.2,11,11.7,11.2,11.45,12.5,4,111.3,153.4,142.3,147.85,32.3,1.3,1.1,0.5,0.4,0.45,1.8,210,209,212,208,210,210,98
s017,hypo,32.2,71.9,52.3,201.7,127,65.9,29.6,211.4,153.6,183.4,168.5,263,20.6,21.4,20.8,22.9,21.85,22.9,94.2,118.5,132.9,,132.9,24.7,1.6,1.1,0.7,0.3,0.5,0.8,199,195,191,193,192,195,95
s017,eunat,15,65.5,15,15,15,15,157.9,135.1,243.6,195.9,219.75,339.4,18.9,15.1,15.1,14.9,15,16.9,5.7,6,6.4,8,7.2,12,1.5,1.5,1.5,1.6,1.55,1.8,191,185,187,187,187,194,135
s017,euart,15,15,90.3,nan,90.3,95.3,176.8,150.1,136.1,nan,136.1,206.3,18.9,15.4,17.9,,17.9,11.7,5.4,90.1,129.6,nan,129.6,52.1,1.6,1.8,2.5,nan,2.5,3.5,221,209,216,nan,216,223,145
s019,hypo,15,15,15,311.1,163.05,162.4,212.3,133.2,229.9,284.1,257,482.6,15.1,10.9,9.1,13.8,11.45,15.5,4.4,99.9,117,141.6,129.3,63.4,1.1,1.1,0.4,0.2,0.3,2.9,297,275,285,279,282,286,86
s019,eunat,43.5,15,15,73,44,15,423.7,175,130.6,111.2,120.9,321,19.2,12.7,12.1,9.7,10.9,11,7.3,4.8,4.9,4.5,4.7,9.8,1.7,1.5,1.4,1.3,1.35,1.5,228,212,222,206,214,220,125
s019,euart,15,121,15,206.7,110.85,15,109.4,136.5,185.9,147.3,166.6,565.3,14.4,10.5,11.2,13.9,12.55,14,6.9,117.2,146,163.7,154.85,74.6,1.4,1.4,1.8,2.6,2.2,3.6,247,251,246,243,244.5,265,132
s020,hypo,66,15,154.5,187.7,171.1,145.7,131,82,224.9,133.7,179.3,299,18.1,13.5,12.7,16.5,14.6,14,5.5,91,143.4,112,127.7,41.4,1.4,1.1,0.6,0.3,0.45,2.4,199,184,187,184,185.5,187,84
s020,eunat,58.4,15,49.6,15,32.3,15,99.2,84.1,118.6,137,127.8,366.3,15.1,12.9,13.8,12,12.9,10.8,6.4,4.4,4.9,3.9,4.4,37.4,1.2,1.1,1.1,1.1,1.1,2.6,228,213,213,212,212.5,230,152
s020,euart,15,15,15,15,15,15,76.4,88.6,149.3,114.4,131.85,252.9,12.7,12.6,11.6,11.6,11.6,12.7,5.2,127.3,123.7,140.2,131.95,47.6,1.3,1,0.8,2.1,1.45,3.6,203,205,216,199,207.5,219,
s021,hypo,nan,,nan,,#DIV/0!,,nan,,,,#DIV/0!,,nan,,,,#DIV/0!,,,,,,#DIV/0!,,,,,,#DIV/0!,,,,,,#DIV/0!,,
s021,eunat,66.9,113.1,15,48.5,31.75,92.4,151.6,41.7,156.6,146.5,151.55,348.5,17.7,10.6,7.4,8.3,7.85,17.6,4.8,4.1,3.7,3.4,3.55,15.3,1,1,0.8,0.8,0.8,1.4,255,243,246,247,246.5,263,
s021,euart,nan,,nan,,#DIV/0!,,nan,,,,#DIV/0!,,nan,,,,#DIV/0!,,,,,,#DIV/0!,,,,,,#DIV/0!,,,,,,#DIV/0!,,
s022,hypo,nan,,nan,,#DIV/0!,,nan,,,,#DIV/0!,,nan,,,,#DIV/0!,,nan,nan,nan,nan,#DIV/0!,nan,nan,nan,nan,nan,#DIV/0!,nan,nan,nan,nan,nan,#DIV/0!,nan,
s022,eunat,95.1,,78.5,15,46.75,78.9,170.9,,193.5,213,203.25,552.7,11.3,,8,7.2,7.6,7.8,9.5,7.5,7.6,7.6,7.6,,1.7,1.6,1.5,1.3,1.4,,283,266,267,287,277,,81
s022,euart,46.2,15,15,15,15,84.7,156.7,115.9,145.3,152.7,149,468.3,12.7,9.1,8.6,15.1,11.85,13.5,9.7,124.3,116.7,146.1,131.4,51.9,1.6,1.8,1.5,1.4,1.45,2.7,254,250,223,242,232.5,253,147
s023,hypo,78.2,68.3,70.2,60.4,65.3,51.5,47.5,172.8,80.7,110,95.35,221.4,17.7,13.4,14.7,13.8,14.25,13.7,6,13.4,,,13.4,13.7,1.1,1.1,,,1.5,2.4,187,187,,,187,190,147
s023,eunat,30.5,28.3,15,15,15,66.2,96.5,251.7,73.9,102.9,88.4,243.5,17.8,11.4,10.2,14,12.1,12.3,6.8,5.5,4.5,4.6,4.55,7.4,1.2,1.2,1.1,1.1,1.1,1.1,244,229,232,225,228.5,228,87
s023,euart,15,15,79.9,46,62.95,44.8,96,116.3,88.1,122.7,105.4,165.3,16.6,11.4,11.2,15.8,13.5,15.7,4.9,145.1,156.7,185.5,171.1,32.7,1.2,1.2,0.7,0.9,0.8,2,213,213,213,214,213.5,226,111
s024,hypo,15,161.5,37.2,91.8,64.5,64.3,73.7,145.7,75.7,172.3,124,399.1,8,5.7,14,16.5,15.25,17.9,5.3,98,125.9,137.5,131.7,29.2,1.3,1,0.6,0.3,0.45,1.3,191,199,198,207,202.5,202,127
s024,eunat,61.8,15,15,46.7,30.85,72.6,84.7,99.6,103.5,123.8,113.65,525.1,16.2,13,12.1,19.8,15.95,16.7,4.8,6.9,4.8,5.8,5.3,6.1,1.1,1.5,1.4,1.3,1.35,1.3,,195,185,192,188.5,195,90
s024,euart,nan,,,,#DIV/0!,,nan,,,,#DIV/0!,,nan,,,,#DIV/0!,,nan,nan,nan,nan,#DIV/0!,nan,nan,nan,nan,nan,#DIV/0!,nan,nan,nan,nan,nan,#DIV/0!,nan,
s025,hypo,15,60,220.4,152.6,186.5,31.9,228.8,311.2,153.7,147,150.35,252.6,15.1,13.3,11.2,15,13.1,14.8,3.3,90.3,116.8,124.8,120.8,21.8,1.2,1.2,0.5,0.3,0.4,1.5,220,210,234,,234,234,117
s025,eunat,107.9,15,90.9,15,52.95,15,157,104.6,158.6,117.7,138.15,251.7,15,17.5,12.6,10.1,11.35,11.1,2.7,2.6,2.6,2.3,2.45,3.5,1,1,1.1,0.9,1,1.2,240,213,204,214,209,214,92
s025,euart,15,41.5,52.7,72.5,62.6,15,330.6,197,193,149.6,171.3,396.4,19.3,20.5,18.4,14.9,16.65,15.8,2.5,83.1,96.4,117,106.7,28.8,1,1.5,0.8,0.8,0.8,2,195,193,192,192,192,201,109
s026,hypo,15,15,15,15,15,15,15,15,49,19.9,34.45,33.3,15.1,14.6,15.5,14.8,15.15,14.5,4.2,121.7,146,153.6,149.8,51.2,1.6,1.6,0.8,0.5,0.65,2.9,226,213,224,214,219,225,150
s026,eunat,15,15,135.7,113.5,124.6,385.1,143,143.7,155.8,209.4,182.6,550.3,16,12.8,14,12.8,13.4,12,9.2,5.3,4.3,3.3,3.8,5.6,2.2,1.8,1.6,1.3,1.45,1.4,234,226,227,221,224,234,89
s026,euart,15,15,nan,15,15,15,134,101.1,nan,145.5,145.5,178,13.5,10.4,,11.5,11.5,12.4,3.8,96.1,110.8,126.1,118.45,,1.8,1.5,1.2,1.4,1.3,,228,236,232,216,224,,100
s027,hypo,30.2,47.7,61.2,15,38.1,50.3,137.1,164.6,243.4,169.3,206.35,417.1,16.7,14.8,12,9.5,10.75,13,3.4,117.3,137.2,148.6,142.9,81.8,1.1,0.9,0.9,0.8,0.85,4.3,226,219,214,220,217,221,108
s027,eunat,34.5,15,15,34.9,24.95,27.4,130.6,182.9,133.3,111.4,122.35,279,19.8,14.4,12.2,9.9,11.05,9.4,5,3.9,1.8,4.1,2.95,18.8,0.9,1.1,0.7,1,0.85,1.8,244,210,213,206,209.5,220,93
s027,euart,15,45.9,30.7,31.6,31.15,54.2,242.8,205.2,169.3,168.5,168.9,391,16.3,14.3,10.8,9.2,10,11.1,4,94.9,171.9,183.3,177.6,83.9,1.2,1.1,2.4,2.4,2.4,4.4,248,205.2,169.3,168.5,168.9,391,120
s028,hypo,35.4,19.6,26.6,26.4,26.5,56.4,276,185.9,242.8,223.4,233.1,428.4,12.7,17.2,14.8,12.1,13.45,10.2,7.3,125.5,128.4,140.5,134.45,43.6,1.6,2.5,1.5,0.7,1.1,2.7,261,229,235,238,236.5,241,156
s028,eunat,15,26.1,15,15,15,37.3,238,142.5,257.4,184.7,221.05,363.9,10.4,13.3,11.8,7.6,9.7,7.2,13.2,12.1,9.5,9.7,9.6,9.7,2.1,2,1.7,1.9,1.8,1.7,206,189,192,191,191.5,200,87
s028,euart,15,119.2,15.4,50.5,32.95,67,213.1,329,274.5,123.2,198.85,507.9,9.8,17.2,13.7,10.6,12.15,8,9,153.2,137.2,195.9,166.55,72.8,1.6,2.8,1.5,1.8,1.65,4,223,205,207,202,204.5,212,161
s029,hypo,15,15,nan,15,15,15,15,15,nan,15,15,29.4,16.3,11.9,11.2,10.8,11,9.6,3.4,106.5,132.5,133.9,133.2,65,1.1,0.9,1.4,0.9,1.15,4.8,253,240,246,248,247,257,110
s029,eunat,15,15,53.7,51.6,52.65,48.7,177.8,111.7,165.5,168.9,167.2,561.2,16.2,14,14.7,15.1,14.9,20.1,1.8,1.7,1.8,2.6,2.2,6.4,1.1,1.1,1,1.1,1.05,1.3,254,232,237,232,234.5,248,84
s029,euart,nan,,,,#DIV/0!,,,,,,#DIV/0!,,,,,,#DIV/0!,,nan,nan,nan,nan,#DIV/0!,nan,nan,nan,nan,nan,#DIV/0!,nan,nan,nan,nan,nan,#DIV/0!,nan,
s030,hypo,33.9,94,78.7,20.9,49.8,58.5,277.4,310.2,255.8,157.3,206.55,962.2,11.1,18.9,20,15.8,17.9,14.8,5.2,82.8,115.9,91.9,103.9,41.4,0.8,1.1,0.5,0.5,0.5,2.5,272,251,261,231,246,274,96
s030,eunat,15,33.1,85.2,39.2,62.2,32.5,226.1,131.6,217.4,217.7,217.55,527.4,13.9,10.4,7.8,11.8,9.8,14.9,3.3,2.2,2.4,2.3,2.35,4.4,0.7,0.7,0.7,0.6,0.65,0.8,227,212,214,202,208,217,82
s030,euart,nan,,,,#DIV/0!,,nan,,,,#DIV/0!,,nan,,,,#DIV/0!,,,,,,#DIV/0!,,,,,,#DIV/0!,,,,,,#DIV/0!,,
s031,hypo,67.5,202.8,35.9,284.3,160.1,53.5,60.3,165.1,176.1,248.6,212.35,720.6,11.8,8.1,20.4,19.7,20.05,17.4,4.4,71.3,111.3,156.3,133.8,27.9,1.2,1.5,0.7,0.4,0.55,1.9,193,218,185,189,187,191,151
s031,eunat,54.1,27.7,36.3,16,26.15,33.9,156.6,140.8,139.6,357.1,248.35,723.3,15.2,19.4,22.6,24.9,23.75,25.9,6.1,5.2,5.8,5.5,5.65,6.8,1.4,1.4,1.2,1.2,1.2,1.3,238,228,217,212,214.5,232,98
s031,euart,231.4,24.5,59.8,27.7,43.75,22.4,306,338.5,261.7,685,473.35,354.4,12.5,10.3,15.5,19.7,17.6,18.1,5.8,117.4,145.2,166.3,155.75,46.3,1.4,1.6,0.8,0.7,0.75,2.5,194,180,181,178,179.5,190,103
s032,hypo,47.9,132.7,131,nan,131,nan,253.9,350.3,591.1,nan,591.1,nan,18.9,17.6,15.7,18.4,17.05,14.7,,,,,#DIV/0!,,,,,,#DIV/0!,,,,,,#DIV/0!,,
s032,eunat,nan,nan,nan,nan,#DIV/0!,nan,nan,nan,nan,nan,#DIV/0!,nan,nan,nan,nan,nan,#DIV/0!,nan,,,,,#DIV/0!,,,,,,#DIV/0!,,,,,,#DIV/0!,,
s032,euart,nan,nan,nan,nan,#DIV/0!,nan,nan,nan,nan,nan,#DIV/0!,nan,nan,nan,nan,nan,#DIV/0!,nan,,,,,#DIV/0!,,,,,,#DIV/0!,,,,,,#DIV/0!,,
s033,hypo,90,133.8,98.9,78,88.45,142.8,308.2,393.3,244.4,250.6,247.5,1306.8,20.3,17,15.1,16.3,15.7,17.4,3.2,124.3,143.5,154.2,148.85,45.5,1.1,0.8,0.7,0.5,0.6,2.5,298,284,284,281,282.5,295,93
s033,eunat,78,15,19.2,47.1,33.15,36,399.8,261,192.5,236,214.25,737.5,18.8,16.4,17.7,18,17.85,18.5,7.8,4.3,3.9,3.3,3.6,5.8,1.4,1.4,1.1,1,1.05,1.2,391,388,382,360,371,387,86
s033,euart,45.4,54.9,40.1,55.9,48,15,363.9,254.3,309,313,311,550.9,17.7,15.7,14,15.7,14.85,14.8,5.2,64.9,99.9,161.2,130.55,58.3,1.1,1.3,1.8,2.5,2.15,4.1,297,285,254,279,266.5,268,98
s034,hypo,27.8,15,15,nan,15,nan,59.2,154.3,77.7,nan,77.7,nan,12.9,11.6,11,,11,,2.6,160.3,157,nan,157,nan,1.1,1,0.5,nan,0.5,nan,168,163,149,nan,149,nan,118
s034,eunat,67,17.1,41.3,98.1,69.7,15,246.9,153.4,139.5,142.8,141.15,461.5,15,10.9,11.2,12.8,12,16.9,4.9,2.9,1.9,2.9,2.4,11.5,1,0.9,0.9,1,0.95,1.5,221,193,198,200,199,215,81
s034,euart,15,33.1,23.5,65.8,44.65,31.3,129.1,52.5,92.7,76.4,84.55,240.1,14.1,9.9,14.2,14.1,14.15,12.8,3.3,94.4,158.3,175.4,166.85,32,1.1,1.1,0.6,0.7,0.65,1.6,179,228,220,208,214,207,82.5
s035,hypo,15,15,39.9,nan,39.9,37.6,182.5,66.7,109.9,nan,109.9,83.9,16.9,16.8,14.4,nan,14.4,13.5,2,47.8,109.2,74.9,92.05,nan,1.5,2.1,1.2,0.7,0.95,nan,211,196,200,214,207,nan,92
s035,eunat,17.6,36.3,15,21.1,18.05,61.9,346.6,331.5,171,119.5,145.25,213.3,19.1,17.3,15.1,15.7,15.4,17,1.4,1.3,1.2,1.1,1.15,1.6,1.1,1.1,1,1.1,1.05,1.1,214,208,224,195,209.5,197,76
s035,euart,62,81.3,15,47.8,31.4,42.5,80.5,86.7,93.3,77,85.15,217.8,20,17.2,17.7,15.5,16.6,15.7,4.1,74.9,80.3,103.1,91.7,112.5,1.6,1.7,1.8,2.2,2,11.6,207,192,184,184,184,186,120.5
s036,hypo,44.2,15,27,143.1,85.05,15,253.6,100.9,103.2,81.3,92.25,489.5,11.9,9.3,14,18.8,16.4,20.8,3.6,125.6,141.6,198.9,170.25,36.7,1,1.1,0.5,0.2,0.35,1.8,252,229,229,245,237,230,149
s036,eunat,15,15,15,26.3,20.65,15,67.5,37.1,34.4,94.5,64.45,115.7,14.5,14.9,18.2,13.3,15.75,13.3,5.1,4.2,4.5,3.1,3.8,5.2,1.3,1.3,1.4,1.2,1.3,1.3,229,200,227,223,225,222,83
s036,euart,20,48.9,35.3,15,25.15,15,155.6,279.9,214,218.8,216.4,621.7,12.9,11.9,17.9,12.8,15.35,12.7,5,131.8,158.5,139,148.75,28.4,1,1.2,1.2,0.8,1,1.5,246,246,252,245,248.5,272,126.5
s037,hypo,26.4,15,15,73.8,44.4,42,142.6,122.1,315,210.1,262.55,620.3,15,10.4,16.5,17.9,17.2,14,5.2,39.5,68.7,128.9,98.8,31.8,1.6,2.2,0.8,0.5,0.65,2.3,269,241,233,269,251,268,138
s037,eunat,15,32.6,15,17.2,16.1,15,64,36.1,15,45.3,30.15,59.2,10,12,17.3,19.3,18.3,16.1,2.5,3.8,2.5,4.5,3.5,12,1.5,1.7,1.3,1.4,1.35,2,208,202,243,222,232.5,228,86
s037,euart,15,15,15,15,15,15,40.9,52.7,51.2,96.4,73.8,265.9,17.4,13,13.4,14.5,13.95,12.9,4.8,131.3,156.2,168.2,162.2,31.1,1.7,1.4,1.1,1.6,1.35,1.8,238,237,270,241,255.5,264,124.5
s038,hypo,310.9,15,53.5,15,34.25,15,172.8,145.5,274.9,130.1,202.5,297.9,16.3,16.4,16,14.4,15.2,12.5,2.3,142,144.8,195.1,169.95,45.2,1.8,1,1.2,1.1,1.15,2.5,200,210,198,244,221,235,120
s038,eunat,19.8,25.6,15,24.4,19.7,15,116.7,131.8,79.9,75.8,77.85,179,14.3,12.7,11.6,10.5,11.05,13,2.4,3.3,3.3,3.8,3.55,10.8,1.3,1.2,1.2,1.2,1.2,1.9,172,179,196,185,190.5,187,81
s038,euart,20.3,24.4,18.3,nan,18.3,38.6,101.3,54.4,129.1,nan,129.1,209.1,15.8,15.2,13.3,nan,13.3,16.3,2.6,71.6,112.5,nan,112.5,50.6,1.6,1.6,1,nan,1,5.1,219,214,228,nan,228,246,102
s040,hypo,17.6,25.3,62.2,69.8,66,23.5,97.1,85.2,93.7,59,76.35,100.2,15.6,11.2,12.4,15.4,13.9,15,2.7,143.2,177.2,139.7,158.45,38.8,1.2,0.9,0.6,0.4,0.5,2.8,153,142,155,148,151.5,137,111.5
s040,eunat,37.1,18.2,58.4,15,36.7,17.5,35.6,19.6,213.1,15,114.05,93.2,11.3,10.7,9.3,9.5,9.4,12,2.7,2.7,2.8,4.6,3.7,2.6,1.4,1.3,1.3,1.4,1.35,1.3,129,133,107,118,112.5,128,90
s040,euart,15,15,31.3,nan,31.3,16.7,87.5,168.7,104.7,nan,104.7,322.4,12.5,10.4,8.9,nan,8.9,9.6,1.2,99.6,119.9,nan,119.9,47.6,1.1,1,0.7,nan,0.7,2.8,161,164,165,nan,165,168,93
s041,hypo,15,15,15,33.3,24.15,28.5,122,106.4,71.3,72.5,71.9,227.2,12.1,8.3,10.3,12.6,11.45,12.4,2.3,108.4,169,177.2,173.1,36.7,1.2,1.3,0.4,0.3,0.35,1.7,198,183,205,218,211.5,215,101
s041,eunat,62.4,44.7,15,30.4,22.7,53.5,142.2,113.6,169.5,175.7,172.6,387.5,13.9,10.4,11.7,13.2,12.45,12.5,3,1.5,1.8,2.3,2.05,5.6,1.3,1.4,1.1,1.2,1.15,1.4,206,202,199,203,201,214,88
s041,euart,17.9,17.6,28.2,18.1,23.15,15,130.4,105.8,290.2,114.1,202.15,302.4,14.1,10.8,13.9,13.3,13.6,11.9,1.8,110,142,134.9,138.45,39.6,1.3,1.1,1.8,2.2,2,4.1,188,180,179,181,180,197,102
s042,hypo,52,26.8,15,52.7,33.85,15,50.7,94.5,99.1,57.5,78.3,138.5,14.1,12.1,12,13.2,12.6,15.1,2.8,131.2,154,163.5,158.75,24.5,0.9,0.6,0.3,0.2,0.25,1.1,157,158,152,157,154.5,162,137
s042,eunat,129.6,163.6,41.7,31.5,36.6,57.5,135.9,137.7,134.8,55.5,95.15,148.6,11.4,8.7,13.2,15.5,14.35,14.7,1.7,1.6,1.4,1.9,1.65,3.4,0.9,0.8,0.7,0.8,0.75,0.8,176,157,161,163,162,171,89
s042,euart,15,15,56.5,18.5,37.5,17.2,245.2,116.8,263.6,91.5,177.55,357.1,11.9,10.5,11.1,13.7,12.4,15.7,3.5,175.4,186.5,208.4,197.45,39.9,1.2,1.2,0.8,1.4,1.1,3.3,185,164,171,173,172,162,95.5